"","Metric","T_Statistic","PValue","DegreesOfFreedom","nBaseline","nFuture","Scenario","PValueR"
"1","Elev",-2.25617027863457,0.0242183541741349,1359.0536795658,692,679,"Reduced Precipitation Only",0.02422
"2","Elev",3.67939753757624,0.000243487753718843,1280.74093227661,692,593,"Increased Precipitation Only",0.00024
"3","Elev",2.22524752008373,0.0262426624449692,1248.93491787293,692,583,"Small Perturbations",0.02624
"4","Elev",5.81705766778551,7.60260607848181e-09,1247.98472953532,692,558,"Increased Seasonality",0
"5","Elev",3.79183334761346,0.000157387710810417,1138.46692754569,692,530,"Large Perturbations",0.00016
"6","Elev",2.74439877875594,0.00616133542907308,1094.47328318951,692,513,"Increased Temperature Only",0.00616
"7","DS_Mag_50",0.739380321741217,0.459807471284277,1320.78922465197,692,679,"Reduced Precipitation Only",0.45981
"8","DS_Mag_50",-2.19629729685984,0.0282635012325694,1187.19470090994,692,593,"Increased Precipitation Only",0.02826
"9","DS_Mag_50",-4.18239065053608,3.10176770858608e-05,1160.63755307829,692,583,"Small Perturbations",3e-05
"10","DS_Mag_50",-4.72406087298238,2.60861410011769e-06,1107.11134739629,692,558,"Increased Seasonality",0
"11","DS_Mag_50",-8.30266659019265,2.9783740937554e-16,1093.10586567618,692,530,"Large Perturbations",0
"12","DS_Mag_50",-7.90873111406875,6.55966230094063e-15,1049.3701376481,692,513,"Increased Temperature Only",0
"13","FA_Mag",-0.345387871919401,0.729856833034562,1344.22494508728,692,679,"Reduced Precipitation Only",0.72986
"14","FA_Mag",-2.57991180430091,0.0100025158206842,1180.86101907477,692,593,"Increased Precipitation Only",0.01
"15","FA_Mag",-3.64253037704895,0.000283152978863602,1050.55222531499,692,583,"Small Perturbations",0.00028
"16","FA_Mag",-4.18519449006837,3.10086534566183e-05,996.337112157379,692,558,"Increased Seasonality",3e-05
"17","FA_Mag",-7.06024954878276,3.47674758524605e-12,842.373189280173,692,530,"Large Perturbations",0
"18","FA_Mag",-7.47890863039812,1.92406644596934e-13,822.190102602761,692,513,"Increased Temperature Only",0
"19","Peak_2",0.0192284870915947,0.984662976208927,925.647731248584,692,679,"Reduced Precipitation Only",0.98466
"20","Peak_2",-1.08571067261202,0.277928067817584,814.940601791148,692,593,"Increased Precipitation Only",0.27793
"21","Peak_2",-1.35658597032391,0.175326315981245,740.347432005893,692,583,"Small Perturbations",0.17533
"22","Peak_2",-2.05995040186202,0.039786842470164,673.716173840803,692,558,"Increased Seasonality",0.03979
"23","Peak_2",-2.59686423528194,0.00964120801330099,593.203218641855,692,530,"Large Perturbations",0.00964
"24","Peak_2",-0.846336889388965,0.397727361497451,558.420737650245,692,513,"Increased Temperature Only",0.39773
"25","Peak_10",1.81961785438837,0.0690370435244801,1359.65504205522,692,679,"Reduced Precipitation Only",0.06904
"26","Peak_10",-1.92988458104707,0.0538416090740714,1281.64874417643,692,593,"Increased Precipitation Only",0.05384
"27","Peak_10",-2.17381970243122,0.0299038805743658,1263.21100290869,692,583,"Small Perturbations",0.0299
"28","Peak_10",-4.07545372146119,4.88283681137031e-05,1246.88179275331,692,558,"Increased Seasonality",5e-05
"29","Peak_10",-2.20973394348213,0.0273134696493123,1189.92102481291,692,530,"Large Perturbations",0.02731
"30","Peak_10",-0.831589261621826,0.40581261805468,1155.63076934965,692,513,"Increased Temperature Only",0.40581
"31","Q99",0.631622690050252,0.527772180874821,1040.59540366352,692,679,"Reduced Precipitation Only",0.52777
"32","Q99",-1.69992480158204,0.0894614651439322,982.846468277166,692,593,"Increased Precipitation Only",0.08946
"33","Q99",-2.78406355729029,0.00547219932886581,974.24402233156,692,583,"Small Perturbations",0.00547
"34","Q99",-4.45901132539909,9.19145311047731e-06,974.108081498099,692,558,"Increased Seasonality",1e-05
"35","Q99",-5.02843421333865,5.93001861824824e-07,931.945084111457,692,530,"Large Perturbations",0
"36","Q99",-3.93454177338426,8.96787042769839e-05,912.994775288124,692,513,"Increased Temperature Only",9e-05
"37","SP_Mag",0.662399739305993,0.507828139194101,1349.93896533712,692,679,"Reduced Precipitation Only",0.50783
"38","SP_Mag",-3.18911080382707,0.00146329837015527,1223.8495148231,692,593,"Increased Precipitation Only",0.00146
"39","SP_Mag",-4.1141643525714,4.15896328561226e-05,1165.59765450717,692,583,"Small Perturbations",4e-05
"40","SP_Mag",-5.65860282941796,1.91584066844069e-08,1175.48354833203,692,558,"Increased Seasonality",0
"41","SP_Mag",-7.43339639003254,2.145152113724e-13,1082.94665195067,692,530,"Large Perturbations",0
"42","SP_Mag",-8.1912830731614,7.28882043514519e-16,1073.52938260749,692,513,"Increased Temperature Only",0
"43","Wet_BFL_Mag_10",0.578207636053701,0.563239493249181,1126.66841175634,692,679,"Reduced Precipitation Only",0.56324
"44","Wet_BFL_Mag_10",-1.78993016382807,0.0737673310605437,1000.93583987016,692,593,"Increased Precipitation Only",0.07377
"45","Wet_BFL_Mag_10",-3.41367441015279,0.000669143825187062,912.502253893074,692,583,"Small Perturbations",0.00067
"46","Wet_BFL_Mag_10",-4.36236411077178,1.43045108874119e-05,930.287815124203,692,558,"Increased Seasonality",1e-05
"47","Wet_BFL_Mag_10",-9.17078728400628,4.05545672121409e-19,784.334578845817,692,530,"Large Perturbations",0
"48","Wet_BFL_Mag_10",-7.47512276040999,2.16885544532787e-13,745.116292902673,692,513,"Increased Temperature Only",0
"49","Wet_BFL_Mag_50",0.269788798487107,0.787373068417919,1105.99826912619,692,679,"Reduced Precipitation Only",0.78737
"50","Wet_BFL_Mag_50",-0.449496417286811,0.653169370159144,1017.00720713488,692,593,"Increased Precipitation Only",0.65317
"51","Wet_BFL_Mag_50",-0.993346438126318,0.320793518174215,952.166763000708,692,583,"Small Perturbations",0.32079
"52","Wet_BFL_Mag_50",-1.55188349550833,0.121016789788973,968.523357331156,692,558,"Increased Seasonality",0.12102
"53","Wet_BFL_Mag_50",-5.47612126401164,5.65095763402663e-08,894.142849719452,692,530,"Large Perturbations",0
"54","Wet_BFL_Mag_50",-5.77552025632839,1.06622452791538e-08,873.195019556828,692,513,"Increased Temperature Only",0
